"Topic 1","Topic 2","Topic 3","Topic 4","Topic 5","Topic 6","Topic 7","Topic 8","Topic 9","Topic 10","Topic 11","Topic 12","Topic 13","Topic 14","Topic 15","Topic 16","Topic 17","Topic 18","Topic 19","Topic 20","Topic 21","Topic 22","Topic 23","Topic 24","Topic 25","Topic 26","Topic 27","Topic 28","Topic 29","Topic 30","Topic 31","Topic 32","Topic 33","Topic 34","Topic 35","Topic 36","Topic 37","Topic 38","Topic 39","Topic 40","Topic 41","Topic 42","Topic 43","Topic 44","Topic 45","Topic 46","Topic 47","Topic 48","Topic 49","Topic 50"
"1","post","content","otherwise","partners","service","warranties","content","price","damages","arbitration","support","may","service","services","resources","account","copyright","notice","information","services","section","services","platform","services","services","service","law","laws","property","services","hosting","may","payment","content","account","account","photo","software","material","terms","feedback","policy","third","service","terms","claim","account","networks","content","content"
"2","content","remove","content","agreement","content","implied","license","service","use","will","will","services","use","use","content","may","infringement","use","party","rules","may","age","users","please","time","pages","laws","applicable","rights","terms","data","service","membership","service","changes","storage","device","service","owner","use","may","use","party","use","use","right","password","content","platform","services"
"3","otherwise","rights","offensive","affiliates","advertising","law","services","use","service","claims","subscriber","content","may","copy","sites","will","notice","content","confidential","terms","explains","use","content","areas","right","use","state","software","intellectual","use","ibm","account","method","may","will","will","devices","will","information","shall","features","privacy","information","may","guidelines","service","will","person","use","available"
"4","rights","violates","unlawful","licensors","use","liability","publicly","may","loss","arbitrator","term","address","application","software","may","attachments","property","players","disclosing","tos","platform","information","shareholders","accessible","may","agree","jurisdiction","export","termination","software","subscriber","device","may","trademarks","terms","plan","photos","use","authorized","provision","beta","information","may","license","service","including","use","another","public","via"
"5","make","may","defamatory","use","website","extent","display","data","data","court","services","removed","terms","sell","services","agree","users","service","terms","time","services","communications","directors","attempt","reserves","systems","california","united","agreement","access","services","access","account","without","use","service","will","computer","copyright","agreement","program","cookies","competitions","rights","apply","reasonable","provide","entity","information","information"
"6","spam","right","platform","violation","including","particular","distribute","care","including","claim","service","statement","content","notices","websites","allow","intellectual","widget","access","agreement","maintenance","years","officers","provide","use","may","courts","use","will","using","platform","andor","billing","rights","time","card","app","time","act","service","use","please","terms","including","community","fees","information","requirements","services","otherwise"
"7","upload","platform","will","subsidiaries","agree","may","use","skill","consequential","may","last","access","will","license","responsible","content","agent","may","disclosed","including","will","service","employees","report","access","users","arising","states","contributions","provide","personal","termination","will","will","platform","credit","library","obtained","service","will","provide","terms","time","limited","services","will","responsible","including","display","made"
"8","available","service","reasonable","action","embeddable","express","submit","location","liable","award","shall","communications","must","agree","links","use","meetups","platform","service","service","contact","including","assigns","members","external","applicable","claim","services","use","products","terms","devices","free","information","pro","payment","iphone","material","infringed","provisions","time","platform","competition","agree","additional","power","service","platform","linked","service"
"9","submit","users","obscene","agree","player","limitation","service","reasonable","incidental","agree","payment","disabled","applications","attempt","third","time","please","without","without","accessing","information","content","successors","access","part","account","terms","service","title","may","shall","time","cancel","agree","may","webonly","enabled","access","behalf","prior","suggestions","agreement","promotions","subject","will","suit","name","otherwise","permissions","may"
"10","email","believe","make","employees","page","apply","available","due","limitation","relief","paid","service","information","provided","service","deleted","claims","address","receiving","related","description","header","affiliates","credits","reason","storage","agree","countries","account","conditions","use","suspension","month","use","terminate","use","store","information","copyrighted","may","agree","read","run","copyright","policies","party","must","may","available","posted"
"11","transmit","infringes","post","officers","sale","limitations","perform","items","services","rules","taxes","provide","agree","source","agree","terminated","believe","mail","required","limited","update","search","subsidiaries","may","without","permitted","federal","including","without","users","parties","shall","period","services","effective","fees","find","agree","electronic","effect","feature","website","rights","information","conditions","indemnify","security","services","otherwise","use"
"12","may","respect","access","agents","features","applicable","modify","suggested","will","terms","applicable","copyright","thirdparty","access","acknowledge","upon","information","email","third","aaa","understand","current","agents","network","notice","will","governed","regulations","entitled","websites","including","will","service","trade","subscription","upgrade","ios","features","statement","right","without","can","wish","content","applicable","ibm","access","devices","without","understand"
"13","commercial","post","must","service","blog","purpose","make","loss","losses","disputes","terms","telephone","account","part","materials","access","terminate","consent","disclose","will","technical","access","website","content","discretion","email","conflict","will","right","mobile","will","content","cancellation","patents","features","computer","may","terms","agent","statement","obligation","understand","will","granted","agree","demand","activity","technical","andor","responsible"
"14","comments","including","abusive","party","adenabled","permitted","reproduce","shall","shall","use","fees","email","including","modify","products","data","digital","written","partys","may","safety","may","apps","portions","sole","purposes","action","import","limitation","distribution","means","internet","monthly","copyright","email","providing","data","download","identification","thirdparty","service","states","offer","except","made","privilege","accurate","uploader","users","included"
"15","advertising","acknowledge","accounts","third","original","warranty","grant","provided","damage","agreement","payments","person","data","will","available","updates","discretion","sent","shall","dealings","necessary","terms","registered","rules","account","personal","will","may","including","subject","agree","available","communications","including","make","access","enable","requirements","infringing","remain","will","make","page","written","following","proceeding","complete","various","trademarks","accuracy"
"16","unsolicited","sole","illegal","directors","promotions","exclusions","works","item","indirect","class","stated","will","responsible","permitted","use","others","circumstances","must","thereof","consumer","better","must","uploaded","available","thereof","protect","located","without","center","content","available","terminate","trial","marks","new","device","automatically","meet","email","full","information","data","platform","without","subject","shall","registration","connected","profile","materials"
"17","messages","responsible","use","result","sponsorships","fitness","rights","following","special","filing","pay","including","updated","terms","product","store","repeat","audio","necessary","apps","emergency","electronic","liability","security","stop","information","without","comply","help","including","connection","bandwidth","date","property","period","applicable","computers","may","claimed","rights","support","service","need","consent","may","costs","maintaining","relevant","publicly","including"
"18","unauthorized","without","email","account","unless","merchantability","submitted","damage","conduct","individual","form","fees","access","service","liable","download","appropriate","whether","reasonably","shall","suspend","located","information","materials","providing","collect","relating","certain","indemnification","dont","may","number","details","trademark","termination","applebranded","stream","including","notification","force","understand","using","applicable","proprietary","agreement","agreement","username","developers","communicate","transmitted"
"19","intellectual","law","objectionable","arising","access","exclusion","nonexclusive","subject","parties","provision","order","counternotice","risk","code","parties","activity","way","claim","otherwise","using","rights","network","rights","data","content","without","agreement","transfer","provisions","provided","service","fees","end","ideas","revised","immediately","sharing","code","law","remaining","available","united","make","expressly","outline","property","agree","misrepresent","distribute","software"
"20","property","upload","users","usage","means","expressly","adapt","intended","without","dispute","ibm","agent","web","content","responsibility","copy","constitutes","website","law","advertisers","updates","result","provided","include","maximum","servers","shall","data","refunds","applications","process","associated","page","terms","notify","agree","can","viruses","address","unenforceable","provided","also","access","used","acceptance","thirdparty","anyone","changes","terms","guarantee"
